file,species
0021e90e4.png,Small-flowered Cranesbill
003d61042.png,Loose Silky-bent
007b3da8b.png,Common Chickweed
0086a6340.png,Common Chickweed
00c47e980.png,Fat Hen
00d090cde.png,Fat Hen
00ef713a8.png,Scentless Mayweed
01291174f.png,Common Chickweed
026716f9b.png,Fat Hen
02cfeb38d.png,Scentless Mayweed
03566743d.png,Common Chickweed
03a2ee656.png,Scentless Mayweed
03e322a29.png,Charlock
03ef36742.png,Common Chickweed
043449b0b.png,Small-flowered Cranesbill
0437393b1.png,Common Chickweed
04814f36d.png,Fat Hen
05341a8a6.png,Loose Silky-bent
060450d79.png,Scentless Mayweed
060f1dc84.png,Small-flowered Cranesbill
0625f063b.png,Small-flowered Cranesbill
063363305.png,Small-flowered Cranesbill
06d12f6fa.png,Scentless Mayweed
071cb3ece.png,Scentless Mayweed
0751c0bbc.png,Scentless Mayweed
07e62f903.png,Common Chickweed
085974290.png,Scentless Mayweed
0885e7690.png,Scentless Mayweed
089ad62a7.png,Small-flowered Cranesbill
08d591441.png,Common Chickweed
0911d3dee.png,Common Chickweed
099b961ec.png,Small-flowered Cranesbill
0a64e3e6c.png,Common Chickweed
0ad9e7dfb.png,Fat Hen
0ae6668fa.png,Common Chickweed
0bf7bfb05.png,Small-flowered Cranesbill
0c27cf05f.png,Small-flowered Cranesbill
0c4199daa.png,Fat Hen
0c45ace27.png,Loose Silky-bent
0c51bf229.png,Common Chickweed
0c5f6c493.png,Fat Hen
0caeda5df.png,Charlock
0d117d910.png,Scentless Mayweed
0d31e6602.png,Small-flowered Cranesbill
0dba99002.png,Sugar beet
0e8492cb1.png,Common Chickweed
0ebf8f2f4.png,Charlock
0ee4ad224.png,Scentless Mayweed
0f6cbe5e8.png,Common Chickweed
0fb233ad6.png,Fat Hen
115f93ecc.png,Scentless Mayweed
116b136de.png,Loose Silky-bent
1191ba346.png,Common Chickweed
11d3f68ff.png,Small-flowered Cranesbill
122913909.png,Common Chickweed
12625488b.png,Fat Hen
126a71ce0.png,Charlock
1312065a5.png,Small-flowered Cranesbill
1364b297a.png,Scentless Mayweed
1376f3b63.png,Loose Silky-bent
13b9fa92d.png,Loose Silky-bent
1459e96a0.png,Fat Hen
148bbda66.png,Charlock
14bb43eee.png,Common Chickweed
1541bdb2e.png,Common Chickweed
1623fb9e1.png,Fat Hen
16357b436.png,Loose Silky-bent
16467a950.png,Scentless Mayweed
165681fd9.png,Common Chickweed
1694a70e4.png,Small-flowered Cranesbill
16fd2e01a.png,Small-flowered Cranesbill
172f9b10b.png,Common Chickweed
17529c555.png,Scentless Mayweed
1758a1baf.png,Small-flowered Cranesbill
177d7e2a4.png,Small-flowered Cranesbill
17a78fb44.png,Common Chickweed
17d5e5ac4.png,Common Chickweed
1821eb11a.png,Common Chickweed
187668bde.png,Common Chickweed
1926e82fd.png,Loose Silky-bent
19618ad6a.png,Common Chickweed
19b51843a.png,Common Chickweed
19e58cc5e.png,Small-flowered Cranesbill
19fdf19fb.png,Charlock
1b490196c.png,Common Chickweed
1b6a6494d.png,Scentless Mayweed
1be0713da.png,Loose Silky-bent
1bf9b94a6.png,Fat Hen
1c52ea820.png,Fat Hen
1c680883c.png,Loose Silky-bent
1cfd91582.png,Charlock
1d0cbd819.png,Loose Silky-bent
1d321253f.png,Fat Hen
1d48b7564.png,Common Chickweed
1d56351b2.png,Common Chickweed
1dc7c45df.png,Scentless Mayweed
1e095a7e1.png,Sugar beet
1f290e016.png,Scentless Mayweed
1f3f44563.png,Charlock
1f5e5554e.png,Small-flowered Cranesbill
1fefb54b7.png,Common Chickweed
205df1df3.png,Charlock
20817c846.png,Common Chickweed
20e562fd5.png,Small-flowered Cranesbill
20ea96bcc.png,Fat Hen
20f983a71.png,Scentless Mayweed
2126dc71b.png,Sugar beet
219fd68d5.png,Small-flowered Cranesbill
223e4af09.png,Small-flowered Cranesbill
22e79540f.png,Loose Silky-bent
22fbf13d6.png,Common Chickweed
239bdf640.png,Charlock
23bc8ec4f.png,Common Chickweed
23e480e64.png,Scentless Mayweed
2406d6c99.png,Small-flowered Cranesbill
241e6935a.png,Common Chickweed
248436078.png,Scentless Mayweed
24a058589.png,Charlock
24c94a6ca.png,Common Chickweed
24d36c52c.png,Fat Hen
24d78df74.png,Fat Hen
24dbc3b21.png,Common Chickweed
258b1183c.png,Scentless Mayweed
25a4c427e.png,Common Chickweed
25cf6eb73.png,Charlock
25fa8d109.png,Fat Hen
26852751a.png,Charlock
2693e5c65.png,Common Chickweed
26e7ae885.png,Fat Hen
270b939cf.png,Small-flowered Cranesbill
279df95f2.png,Small-flowered Cranesbill
288564c76.png,Common Chickweed
29bab7cad.png,Common Chickweed
29ce426a1.png,Small-flowered Cranesbill
29f49cd0b.png,Common Chickweed
2a5064f19.png,Loose Silky-bent
2a667e099.png,Sugar beet
2b55a2da2.png,Small-flowered Cranesbill
2bd74d2da.png,Common Chickweed
2d5058a59.png,Common Chickweed
2d992d1fb.png,Scentless Mayweed
2d9c798f9.png,Fat Hen
2dd5cfba9.png,Loose Silky-bent
2df78338c.png,Common Chickweed
2e86f1085.png,Common Chickweed
2ea664465.png,Common Chickweed
2f0004a7f.png,Small-flowered Cranesbill
2f246d688.png,Small-flowered Cranesbill
2ff5cb348.png,Small-flowered Cranesbill
30ad31220.png,Charlock
3185294c8.png,Common Chickweed
31f3dd81f.png,Scentless Mayweed
31fcdc161.png,Common Chickweed
3281183f9.png,Small-flowered Cranesbill
32a8c8a1d.png,Common Chickweed
32b42c120.png,Small-flowered Cranesbill
32c86784b.png,Common Chickweed
33317fc2a.png,Fat Hen
33448fe39.png,Small-flowered Cranesbill
33748968f.png,Common Chickweed
338c7e907.png,Charlock
34dd57ca9.png,Common Chickweed
3526b05cc.png,Fat Hen
35a90f8d0.png,Common Chickweed
35cf9fa01.png,Small-flowered Cranesbill
35ebe165c.png,Small-flowered Cranesbill
36839d5e9.png,Scentless Mayweed
36d62bf36.png,Common Chickweed
36ed4f215.png,Fat Hen
37297a64c.png,Fat Hen
37714071b.png,Scentless Mayweed
377283a21.png,Common Chickweed
37c3108d6.png,Small-flowered Cranesbill
37e545a60.png,Common Chickweed
3827436f3.png,Common Chickweed
38c054379.png,Loose Silky-bent
391dcd7fd.png,Small-flowered Cranesbill
39858776a.png,Small-flowered Cranesbill
39b740f7e.png,Common Chickweed
39c8fde99.png,Loose Silky-bent
39d569be4.png,Loose Silky-bent
3a909ead8.png,Small-flowered Cranesbill
3abb502fb.png,Sugar beet
3b73c3b61.png,Scentless Mayweed
3bbef3ecb.png,Small-flowered Cranesbill
3d38a87bc.png,Loose Silky-bent
3d65168c2.png,Fat Hen
3d67c434b.png,Fat Hen
3da774107.png,Scentless Mayweed
3dd52bd2a.png,Scentless Mayweed
3e9f41817.png,Scentless Mayweed
3ebbe9ca4.png,Charlock
3eda9cbb6.png,Common Chickweed
3edf5e9ef.png,Common Chickweed
3eebd36c6.png,Common Chickweed
3efa1f66c.png,Sugar beet
3f64c2c1b.png,Fat Hen
3f826b318.png,Small-flowered Cranesbill
3f92d8039.png,Fat Hen
3fbd0fc6a.png,Common Chickweed
3fbf1a417.png,Scentless Mayweed
4049a6ea6.png,Loose Silky-bent
406162ef9.png,Common Chickweed
406ecb5c5.png,Charlock
410e6f702.png,Scentless Mayweed
41e07778c.png,Scentless Mayweed
41f1c3cdb.png,Charlock
4287d810c.png,Small-flowered Cranesbill
429211ee6.png,Small-flowered Cranesbill
42e7ed442.png,Scentless Mayweed
4392d93cf.png,Common Chickweed
43ede9de9.png,Small-flowered Cranesbill
444473900.png,Scentless Mayweed
446f7da01.png,Loose Silky-bent
44e8b8833.png,Small-flowered Cranesbill
456d507c0.png,Small-flowered Cranesbill
466bb6d3b.png,Charlock
46c14fde2.png,Common Chickweed
47b7d8e17.png,Charlock
47f9e5d91.png,Small-flowered Cranesbill
48231e475.png,Fat Hen
4823c3ffa.png,Common Chickweed
486e59179.png,Common Chickweed
48d97c645.png,Small-flowered Cranesbill
48ef6a2ff.png,Common Chickweed
490c4f9c8.png,Fat Hen
4a337a4a9.png,Sugar beet
4ac29bbf0.png,Fat Hen
4b032563b.png,Small-flowered Cranesbill
4b155fb07.png,Common Chickweed
4bbf1f6ea.png,Common Chickweed
4bbfd1e05.png,Common Chickweed
4bcdaa5e2.png,Charlock
4c5ab9b68.png,Small-flowered Cranesbill
4c7838de4.png,Small-flowered Cranesbill
4c8005bbc.png,Small-flowered Cranesbill
4e1190d78.png,Loose Silky-bent
4e18ab737.png,Small-flowered Cranesbill
4e69d100a.png,Charlock
4e9d3765f.png,Charlock
4ea7493d5.png,Scentless Mayweed
4f44ca525.png,Charlock
4f83143e1.png,Charlock
502dff972.png,Scentless Mayweed
506347cfe.png,Common Chickweed
50de8a115.png,Fat Hen
521b27a17.png,Common Chickweed
523e5505c.png,Loose Silky-bent
5296835a0.png,Small-flowered Cranesbill
52a87abe5.png,Common Chickweed
52dc7a4d6.png,Small-flowered Cranesbill
5315c2dca.png,Fat Hen
534e74d83.png,Common Chickweed
539961189.png,Fat Hen
53ceb4657.png,Small-flowered Cranesbill
53e6e9000.png,Small-flowered Cranesbill
54b3afd58.png,Scentless Mayweed
54c8bb900.png,Common Chickweed
550a8b7e6.png,Scentless Mayweed
55251925f.png,Sugar beet
558aa7deb.png,Charlock
55920f07f.png,Charlock
55a852f40.png,Common Chickweed
55fed435f.png,Common Chickweed
56112b92c.png,Fat Hen
56a01b835.png,Common Chickweed
5779fe8b4.png,Common Chickweed
5817b766d.png,Small-flowered Cranesbill
5883b423d.png,Common Chickweed
589e643b8.png,Small-flowered Cranesbill
590f5aea6.png,Scentless Mayweed
592473c83.png,Fat Hen
592cc5b89.png,Small-flowered Cranesbill
59358cd44.png,Small-flowered Cranesbill
593896f83.png,Black-grass
599691cd9.png,Small-flowered Cranesbill
599c82eea.png,Loose Silky-bent
59b2c6f2b.png,Fat Hen
59c6a9f95.png,Small-flowered Cranesbill
59e1cea8d.png,Small-flowered Cranesbill
59f62ad1d.png,Sugar beet
5a38ac566.png,Fat Hen
5a6bf96f6.png,Charlock
5af1d74ee.png,Small-flowered Cranesbill
5b3000b9a.png,Common Chickweed
5b3beec58.png,Small-flowered Cranesbill
5b63dcc21.png,Fat Hen
5bbc0a255.png,Common Chickweed
5bc6595f6.png,Common Chickweed
5bd71f445.png,Sugar beet
5bdcfa329.png,Fat Hen
5c3cd7ea2.png,Scentless Mayweed
5ca0205f9.png,Small-flowered Cranesbill
5ca2687a4.png,Common Chickweed
5dcad9a53.png,Loose Silky-bent
5e6a237f2.png,Fat Hen
5eb9c26a6.png,Fat Hen
5ee9d0a5b.png,Loose Silky-bent
5f04aed97.png,Fat Hen
6049234e6.png,Common Chickweed
604dd663f.png,Scentless Mayweed
606647f64.png,Loose Silky-bent
60ee66ddd.png,Common Chickweed
60f0bc617.png,Small-flowered Cranesbill
60fea2ef6.png,Small-flowered Cranesbill
615d2b0a9.png,Common Chickweed
618de3d7a.png,Charlock
61b044411.png,Common Chickweed
61dd2cdc5.png,Common Chickweed
632156793.png,Charlock
63c07d340.png,Loose Silky-bent
647689543.png,Common Chickweed
64fe8beb9.png,Small-flowered Cranesbill
653193c1a.png,Sugar beet
65489944f.png,Small-flowered Cranesbill
659412b1a.png,Common Chickweed
65d08b894.png,Fat Hen
65e262a6d.png,Charlock
65e97117e.png,Scentless Mayweed
664194d19.png,Small-flowered Cranesbill
6680836dd.png,Fat Hen
668c1007c.png,Small-flowered Cranesbill
66ab0e8d0.png,Charlock
675ec1b0b.png,Small-flowered Cranesbill
67ce3eaa6.png,Small-flowered Cranesbill
67e185673.png,Scentless Mayweed
686dc7ec8.png,Black-grass
6908fb540.png,Small-flowered Cranesbill
6982a9d30.png,Common Chickweed
699d3c707.png,Sugar beet
69d1669f8.png,Small-flowered Cranesbill
6a41bf95b.png,Common Chickweed
6a47821f9.png,Loose Silky-bent
6b721f68e.png,Fat Hen
6b9d6f8c9.png,Fat Hen
6ba4ef411.png,Sugar beet
6bce55e05.png,Common Chickweed
6be169e41.png,Small-flowered Cranesbill
6c874918c.png,Common Chickweed
6d6eb3830.png,Scentless Mayweed
6da892be6.png,Small-flowered Cranesbill
6db684fff.png,Loose Silky-bent
6dd095129.png,Small-flowered Cranesbill
6df8e31ea.png,Fat Hen
6edb96d45.png,Loose Silky-bent
6edc76e7c.png,Loose Silky-bent
711b46fba.png,Sugar beet
71334c634.png,Charlock
71b232519.png,Scentless Mayweed
71e73a8a0.png,Loose Silky-bent
71f5323c5.png,Loose Silky-bent
721b2c47a.png,Common Chickweed
721be0a4a.png,Scentless Mayweed
728eabae1.png,Charlock
73260a4ee.png,Fat Hen
74068643d.png,Loose Silky-bent
74d810f87.png,Loose Silky-bent
74fd477eb.png,Scentless Mayweed
7506c0c02.png,Common Chickweed
752101fdf.png,Scentless Mayweed
754b1adf8.png,Scentless Mayweed
756dd5070.png,Charlock
75cb95e91.png,Charlock
7615e52d3.png,Scentless Mayweed
76555b064.png,Loose Silky-bent
7691014a1.png,Scentless Mayweed
7696badea.png,Fat Hen
76dbd1054.png,Loose Silky-bent
770a265f5.png,Small-flowered Cranesbill
77ccb8b2a.png,Common Chickweed
780bd2a2c.png,Common Chickweed
780defa2e.png,Common Chickweed
785a73ab8.png,Common Chickweed
78750e0ff.png,Fat Hen
78b1bf91a.png,Loose Silky-bent
78c5fba1d.png,Common Chickweed
79d93bc96.png,Loose Silky-bent
79dafec17.png,Scentless Mayweed
79e5ea8fa.png,Loose Silky-bent
79fba50db.png,Charlock
7a38416be.png,Charlock
7b21ba6ba.png,Fat Hen
7b52585da.png,Small-flowered Cranesbill
7beb2766f.png,Scentless Mayweed
7c85b0265.png,Scentless Mayweed
7cabd68cc.png,Loose Silky-bent
7d22abf91.png,Fat Hen
7d3045fc3.png,Small-flowered Cranesbill
7d4cd07ad.png,Common Chickweed
7e9cf1c46.png,Common Chickweed
7f31c7f42.png,Common Chickweed
7f46a71db.png,Common Chickweed
7f9e9565d.png,Sugar beet
7fdb7202d.png,Common Chickweed
800a8c17e.png,Common Chickweed
808578ed5.png,Fat Hen
808cf55c6.png,Common Chickweed
809eb0b82.png,Common Chickweed
80e299ae9.png,Cleavers
8104422bb.png,Loose Silky-bent
8170d33c1.png,Common Chickweed
824f5d4e5.png,Common Chickweed
827279bad.png,Small-flowered Cranesbill
82b5f4d33.png,Small-flowered Cranesbill
8301b0547.png,Small-flowered Cranesbill
8303b27ed.png,Scentless Mayweed
8311740de.png,Fat Hen
835dc5447.png,Small-flowered Cranesbill
837ac0270.png,Scentless Mayweed
8455169fe.png,Sugar beet
851c90831.png,Sugar beet
85431c075.png,Loose Silky-bent
855955aaf.png,Small-flowered Cranesbill
856f2910a.png,Scentless Mayweed
8585f9718.png,Fat Hen
862b8e7a0.png,Sugar beet
86676d627.png,Black-grass
866be78b0.png,Small-flowered Cranesbill
86c309150.png,Loose Silky-bent
86f08e6d1.png,Sugar beet
87608f7aa.png,Charlock
87f627bf9.png,Common Chickweed
8874bba69.png,Sugar beet
88ac6df54.png,Loose Silky-bent
88d8a4508.png,Charlock
8916793ce.png,Small-flowered Cranesbill
892e9d6c6.png,Fat Hen
897e5a8de.png,Cleavers
8a30b2de3.png,Fat Hen
8a32d0bfa.png,Scentless Mayweed
8a4d3a1b1.png,Loose Silky-bent
8a8d6c712.png,Fat Hen
8ab8a958b.png,Fat Hen
8b043093d.png,Charlock
8b27bfd2b.png,Small-flowered Cranesbill
8b9144917.png,Fat Hen
8bc0261c9.png,Common Chickweed
8c98a6e9b.png,Scentless Mayweed
8c9953903.png,Loose Silky-bent
8ca6140ca.png,Loose Silky-bent
8cf2e3e6c.png,Common Chickweed
8cf909eb3.png,Common Chickweed
8cfd98117.png,Common Chickweed
8d6991365.png,Sugar beet
8d6acbe9b.png,Common Chickweed
8db450ce3.png,Loose Silky-bent
8dbb8e1b9.png,Charlock
8e29abce1.png,Common Chickweed
8e2e5604e.png,Small-flowered Cranesbill
8e3ed0a25.png,Scentless Mayweed
8e4eaeec0.png,Fat Hen
8e6ec1ca6.png,Scentless Mayweed
8ece6efec.png,Loose Silky-bent
8f523520c.png,Fat Hen
8faadb6a8.png,Fat Hen
90b595f12.png,Common Chickweed
90d119d25.png,Scentless Mayweed
91e469b4a.png,Charlock
92292055d.png,Small-flowered Cranesbill
93079d970.png,Fat Hen
9326bda1b.png,Fat Hen
93d76fd5d.png,Scentless Mayweed
948cdb277.png,Scentless Mayweed
9516e56c4.png,Loose Silky-bent
953496deb.png,Fat Hen
958bb9e96.png,Common Chickweed
963544aa0.png,Common Chickweed
9643fc5f4.png,Charlock
966ae5ad9.png,Common Chickweed
969a851be.png,Scentless Mayweed
96ecad7a1.png,Scentless Mayweed
96f14d90c.png,Small-flowered Cranesbill
974959ec1.png,Scentless Mayweed
976e4e079.png,Small-flowered Cranesbill
97844bfd5.png,Sugar beet
97b2f0a10.png,Scentless Mayweed
98062cd87.png,Common Chickweed
98d819587.png,Common Chickweed
98da6ef4e.png,Scentless Mayweed
99036c51d.png,Small-flowered Cranesbill
99569b224.png,Fat Hen
995c7ab1e.png,Maize
9a3f20121.png,Fat Hen
9aa5587fe.png,Fat Hen
9b4800b42.png,Scentless Mayweed
9b9911f20.png,Scentless Mayweed
9baf94467.png,Loose Silky-bent
9c0c5b731.png,Loose Silky-bent
9c32a797e.png,Scentless Mayweed
9c777333d.png,Small-flowered Cranesbill
9c8b08a24.png,Scentless Mayweed
9cce7328c.png,Loose Silky-bent
9d3cb4745.png,Scentless Mayweed
9d79a1f0c.png,Small-flowered Cranesbill
9df3275da.png,Small-flowered Cranesbill
9fab816f2.png,Scentless Mayweed
a006a475c.png,Charlock
a060c1cf8.png,Charlock
a0b393945.png,Fat Hen
a0f37c726.png,Common Chickweed
a169b71e7.png,Charlock
a19c3faca.png,Cleavers
a1da8be3c.png,Charlock
a1e0a6c02.png,Common Chickweed
a254d71f6.png,Common Chickweed
a276c65f7.png,Scentless Mayweed
a2b703e21.png,Small-flowered Cranesbill
a2c89c367.png,Charlock
a2d25b4f3.png,Scentless Mayweed
a35fd6fbb.png,Small-flowered Cranesbill
a38b8a581.png,Small-flowered Cranesbill
a3b375b34.png,Common Chickweed
a3d0031fd.png,Loose Silky-bent
a4b61a4ea.png,Scentless Mayweed
a544fc46d.png,Common Chickweed
a55d26a4c.png,Fat Hen
a5db42f7d.png,Common Chickweed
a74bf916d.png,Scentless Mayweed
a74d475c2.png,Small-flowered Cranesbill
a7bd7cadb.png,Common Chickweed
a800caead.png,Loose Silky-bent
a83820a2c.png,Fat Hen
a8388a37f.png,Fat Hen
a85b48a95.png,Fat Hen
a85fc8c9a.png,Charlock
a890ac088.png,Small-flowered Cranesbill
a8b431a3e.png,Common Chickweed
a8c8a1db0.png,Small-flowered Cranesbill
a8da9c08d.png,Small-flowered Cranesbill
a8de7c1b7.png,Common Chickweed
a935ca110.png,Loose Silky-bent
a93f940d6.png,Scentless Mayweed
a9d2eab61.png,Sugar beet
aa7d098d1.png,Common Chickweed
aad8375e0.png,Common Chickweed
aaf4da98f.png,Small-flowered Cranesbill
ab0f67743.png,Small-flowered Cranesbill
ab35453cb.png,Small-flowered Cranesbill
abc331628.png,Fat Hen
abf8b0772.png,Small-flowered Cranesbill
ac3193f78.png,Scentless Mayweed
ac75d3326.png,Scentless Mayweed
acdb75e00.png,Loose Silky-bent
ace8761dd.png,Loose Silky-bent
ad12382d4.png,Common Chickweed
adb7a032c.png,Small-flowered Cranesbill
ae90f2827.png,Common Chickweed
aecfaed64.png,Small-flowered Cranesbill
aee6fa3df.png,Loose Silky-bent
af45e222a.png,Scentless Mayweed
afa446484.png,Small-flowered Cranesbill
afcf6abd5.png,Small-flowered Cranesbill
b026bf8ca.png,Loose Silky-bent
b03397525.png,Scentless Mayweed
b0acaff4a.png,Loose Silky-bent
b130a0632.png,Charlock
b145ba9d4.png,Small-flowered Cranesbill
b1cd2a91e.png,Small-flowered Cranesbill
b215531dd.png,Scentless Mayweed
b2706e2b3.png,Scentless Mayweed
b29339405.png,Common Chickweed
b30ab4659.png,Scentless Mayweed
b31292706.png,Common Chickweed
b341d0aab.png,Fat Hen
b39c71707.png,Charlock
b3d6fdb80.png,Small-flowered Cranesbill
b3e08b037.png,Charlock
b47691c08.png,Scentless Mayweed
b4c3df835.png,Common Chickweed
b4f7c9214.png,Loose Silky-bent
b573b7a56.png,Common Chickweed
b5c7fd009.png,Fat Hen
b62dca166.png,Fat Hen
b687160f5.png,Common Chickweed
b6a3f7876.png,Fat Hen
b6f3d8b5d.png,Small-flowered Cranesbill
b7192c70f.png,Common Chickweed
b7a7f6390.png,Common Chickweed
b7ad92859.png,Scentless Mayweed
b828443ff.png,Common Chickweed
b9062c1c8.png,Charlock
b944a49ca.png,Scentless Mayweed
b98327bf4.png,Scentless Mayweed
ba3ce6b3e.png,Fat Hen
bb1c84bbc.png,Scentless Mayweed
bb1d1bfd3.png,Common Chickweed
bb20fce02.png,Small-flowered Cranesbill
bb64660b7.png,Common Chickweed
bb7621cb3.png,Fat Hen
bd72d4d8a.png,Common Chickweed
bd789d151.png,Charlock
bdde957ec.png,Fat Hen
be2499cf4.png,Common Chickweed
be341dbdc.png,Scentless Mayweed
bea23d9f8.png,Common Chickweed
bebcaab66.png,Common Chickweed
beebe5f4e.png,Loose Silky-bent
bf3924a57.png,Scentless Mayweed
bf66b9cd2.png,Common Chickweed
bfab3e3d0.png,Small-flowered Cranesbill
bffc08672.png,Small-flowered Cranesbill
c0461776c.png,Fat Hen
c069fc3fa.png,Common Chickweed
c06e7c748.png,Common Chickweed
c0bc3997b.png,Common Chickweed
c0d9e170b.png,Small-flowered Cranesbill
c0f5d9ac8.png,Scentless Mayweed
c10ccbd82.png,Common Chickweed
c10db7ae2.png,Common Chickweed
c1ecff98b.png,Small-flowered Cranesbill
c26ccf73c.png,Small-flowered Cranesbill
c2de6020a.png,Common Chickweed
c35efa095.png,Common Chickweed
c4ed8ed38.png,Small-flowered Cranesbill
c50335991.png,Loose Silky-bent
c5078bac5.png,Fat Hen
c5e419015.png,Loose Silky-bent
c5e88cd42.png,Fat Hen
c60e91e07.png,Scentless Mayweed
c63da993b.png,Charlock
c64370a72.png,Small-flowered Cranesbill
c6b76307d.png,Charlock
c6c8d4ba0.png,Common Chickweed
c7051c902.png,Common Chickweed
c74c5b7fc.png,Scentless Mayweed
c75a82234.png,Common Chickweed
c7ae30f3a.png,Common Chickweed
c7b07431e.png,Common Chickweed
c7eb96871.png,Scentless Mayweed
c832e4302.png,Fat Hen
c85ef220d.png,Scentless Mayweed
c88ebfb47.png,Small-flowered Cranesbill
c8f50f0c3.png,Common Chickweed
caa2fbd79.png,Common Chickweed
cadab6616.png,Small-flowered Cranesbill
cae684f8f.png,Scentless Mayweed
cb496f36e.png,Common Chickweed
cb76a7766.png,Loose Silky-bent
cbba27d89.png,Charlock
cbe761896.png,Charlock
cc3d2a59a.png,Small-flowered Cranesbill
cc74feadc.png,Scentless Mayweed
cd5f0db1c.png,Small-flowered Cranesbill
cd6adba97.png,Scentless Mayweed
ce15eee52.png,Small-flowered Cranesbill
ce3d280eb.png,Scentless Mayweed
ce42adffb.png,Fat Hen
cec5bf198.png,Scentless Mayweed
cf3a8b2fd.png,Small-flowered Cranesbill
cf46d09c5.png,Small-flowered Cranesbill
cf90fc52d.png,Common Chickweed
cfb18d262.png,Sugar beet
cfd8165e9.png,Small-flowered Cranesbill
d0152bd7c.png,Loose Silky-bent
d01873fdd.png,Small-flowered Cranesbill
d09275360.png,Fat Hen
d09d24c58.png,Scentless Mayweed
d0cdc768f.png,Common Chickweed
d102e1a15.png,Common Chickweed
d14aa43f3.png,Scentless Mayweed
d17f48d3b.png,Scentless Mayweed
d2f0f326e.png,Charlock
d2f422ccb.png,Fat Hen
d2fd9df40.png,Common Chickweed
d3331e071.png,Scentless Mayweed
d350a25fa.png,Charlock
d41d87796.png,Scentless Mayweed
d488a4fe1.png,Common Chickweed
d515398fd.png,Charlock
d563be369.png,Small-flowered Cranesbill
d5f7dd60a.png,Common Chickweed
d668409ff.png,Charlock
d689256be.png,Loose Silky-bent
d6c8c3c48.png,Scentless Mayweed
d6d31dcbe.png,Small-flowered Cranesbill
d6d80a321.png,Sugar beet
d7017f701.png,Common Chickweed
d84d37a61.png,Common Chickweed
d89db156f.png,Scentless Mayweed
d8f4923f8.png,Common Chickweed
d93c7ab6d.png,Common Chickweed
d9c50616e.png,Sugar beet
da231c97f.png,Common Chickweed
da4ed3a28.png,Charlock
da5255450.png,Fat Hen
da713c465.png,Fat Hen
da9ef7858.png,Small-flowered Cranesbill
dabe3e5be.png,Small-flowered Cranesbill
dabea05f4.png,Loose Silky-bent
dc4cd56a3.png,Fat Hen
dc55449b2.png,Fat Hen
dcd7ff249.png,Common Chickweed
dce2f6612.png,Common Chickweed
dd5ec63d9.png,Scentless Mayweed
dd9f36df7.png,Small-flowered Cranesbill
de0b79659.png,Fat Hen
df11d56a7.png,Small-flowered Cranesbill
df521c0c0.png,Small-flowered Cranesbill
df7cb5f87.png,Fat Hen
dfb1d9012.png,Common Chickweed
e0ec5b6a1.png,Scentless Mayweed
e14afa235.png,Common Chickweed
e15472085.png,Common Chickweed
e15fce4f2.png,Fat Hen
e1809cef2.png,Common Chickweed
e19673dc9.png,Common Chickweed
e19ad6ac9.png,Fat Hen
e1a0e3202.png,Loose Silky-bent
e1abb4ff9.png,Common Chickweed
e3f50adfc.png,Scentless Mayweed
e471f1d3a.png,Charlock
e478c452c.png,Loose Silky-bent
e4a76885b.png,Charlock
e4d5ec761.png,Common Chickweed
e5064f6be.png,Small-flowered Cranesbill
e52493d0b.png,Sugar beet
e5297b675.png,Common Chickweed
e5368474f.png,Common Chickweed
e5881dd33.png,Scentless Mayweed
e5e3dccff.png,Maize
e6f1211a2.png,Small-flowered Cranesbill
e7077322d.png,Scentless Mayweed
e721c6ac8.png,Fat Hen
e73e308be.png,Fat Hen
e783f5a4f.png,Small-flowered Cranesbill
e80a259c5.png,Scentless Mayweed
e82017baa.png,Common Chickweed
e84464f5a.png,Scentless Mayweed
e88bf0db9.png,Small-flowered Cranesbill
e901b0f28.png,Fat Hen
e921021a8.png,Scentless Mayweed
e96e57a90.png,Charlock
e98e5d1d5.png,Loose Silky-bent
e9cd91682.png,Common Chickweed
e9d48d664.png,Small-flowered Cranesbill
eaf0815e2.png,Small-flowered Cranesbill
ec08a5d56.png,Common Chickweed
ede6b84b4.png,Scentless Mayweed
edfdb4aeb.png,Scentless Mayweed
eec1079a1.png,Charlock
eef131644.png,Loose Silky-bent
ef02b4ee7.png,Scentless Mayweed
ef3e232ad.png,Small-flowered Cranesbill
ef65533d5.png,Loose Silky-bent
ef74dbcad.png,Scentless Mayweed
ef7a5651d.png,Loose Silky-bent
ef9676433.png,Small-flowered Cranesbill
efe19dc32.png,Fat Hen
f0ffa00bd.png,Fat Hen
f1e87cba7.png,Common Chickweed
f1f7c833f.png,Small-flowered Cranesbill
f23faf9c1.png,Black-grass
f25996db8.png,Small-flowered Cranesbill
f2dc546ca.png,Common Chickweed
f33e9d918.png,Loose Silky-bent
f351ce097.png,Fat Hen
f3fcfff1b.png,Charlock
f4021df6c.png,Loose Silky-bent
f4234cf4f.png,Fat Hen
f445fe6fb.png,Small-flowered Cranesbill
f48916a8c.png,Loose Silky-bent
f4ad9d950.png,Scentless Mayweed
f4caf74f9.png,Charlock
f4e7733d4.png,Small-flowered Cranesbill
f593c9cf0.png,Common Chickweed
f66ae4070.png,Charlock
f6d250856.png,Small-flowered Cranesbill
f8318faf1.png,Common Chickweed
f85ed9b6d.png,Loose Silky-bent
f9b6bfb00.png,Scentless Mayweed
f9ea23fb5.png,Common Chickweed
f9f35cbd4.png,Common Chickweed
fa5fd1384.png,Small-flowered Cranesbill
fa9f3a8f9.png,Cleavers
fadc6adbc.png,Small-flowered Cranesbill
fb022edf9.png,Scentless Mayweed
fba8fc78a.png,Loose Silky-bent
fbf88b6be.png,Small-flowered Cranesbill
fc3e58836.png,Scentless Mayweed
fc6f686fb.png,Sugar beet
fd253a74e.png,Scentless Mayweed
fd87b36ae.png,Scentless Mayweed
fd925f542.png,Fat Hen
fda0b5c38.png,Small-flowered Cranesbill
fda39e16f.png,Common Chickweed
fdea6b119.png,Loose Silky-bent
fe29629fb.png,Small-flowered Cranesbill
fe9e87b78.png,Scentless Mayweed
fea1d13d6.png,Small-flowered Cranesbill
fea355851.png,Scentless Mayweed
fea3da57c.png,Fat Hen
fef2ade8c.png,Common Chickweed
ff65bc002.png,Common Chickweed
ffc6f8527.png,Common Chickweed
